"filename", "language", "C++", "Markdown", "Makefile", "Shell Script", "HTML", "C", "comment", "blank", "total"
"/home/node11/TinyWebServer/CGImysql/README.md", "Markdown", 0, 11, 0, 0, 0, 0, 0, 3, 14
"/home/node11/TinyWebServer/CGImysql/sql_connection_pool.cpp", "C++", 110, 0, 0, 0, 0, 0, 8, 29, 147
"/home/node11/TinyWebServer/CGImysql/sql_connection_pool.h", "C++", 47, 0, 0, 0, 0, 0, 1, 13, 61
"/home/node11/TinyWebServer/README.md", "Markdown", 0, 185, 0, 0, 0, 0, 0, 65, 250
"/home/node11/TinyWebServer/build.sh", "Shell Script", 0, 0, 0, 1, 0, 0, 1, 1, 3
"/home/node11/TinyWebServer/config.cpp", "C++", 65, 0, 0, 0, 0, 0, 10, 11, 86
"/home/node11/TinyWebServer/config.h", "C++", 22, 0, 0, 0, 0, 0, 10, 15, 47
"/home/node11/TinyWebServer/http/README.md", "Markdown", 0, 6, 0, 0, 0, 0, 0, 1, 7
"/home/node11/TinyWebServer/http/http_conn.cpp", "C++", 608, 0, 0, 0, 0, 0, 85, 68, 761
"/home/node11/TinyWebServer/http/http_conn.h", "C++", 141, 0, 0, 0, 0, 0, 31, 15, 187
"/home/node11/TinyWebServer/lock/README.md", "Markdown", 0, 6, 0, 0, 0, 0, 0, 6, 12
"/home/node11/TinyWebServer/lock/locker.h", "C++", 104, 0, 0, 0, 0, 0, 6, 6, 116
"/home/node11/TinyWebServer/log/README.md", "Markdown", 0, 8, 0, 0, 0, 0, 0, 2, 10
"/home/node11/TinyWebServer/log/block_queue.h", "C++", 171, 0, 0, 0, 0, 0, 13, 29, 213
"/home/node11/TinyWebServer/log/log.cpp", "C++", 134, 0, 0, 0, 0, 0, 6, 25, 165
"/home/node11/TinyWebServer/log/log.h", "C++", 56, 0, 0, 0, 0, 0, 3, 11, 70
"/home/node11/TinyWebServer/main.cpp", "C++", 20, 0, 0, 0, 0, 0, 9, 12, 41
"/home/node11/TinyWebServer/makefile", "Makefile", 0, 0, 11, 0, 0, 0, 0, 5, 16
"/home/node11/TinyWebServer/root/README.md", "Markdown", 0, 10, 0, 0, 0, 0, 0, 1, 11
"/home/node11/TinyWebServer/root/fans.html", "HTML", 0, 0, 0, 0, 14, 0, 1, 1, 16
"/home/node11/TinyWebServer/root/judge.html", "HTML", 0, 0, 0, 0, 22, 0, 0, 5, 27
"/home/node11/TinyWebServer/root/log.html", "HTML", 0, 0, 0, 0, 20, 0, 0, 2, 22
"/home/node11/TinyWebServer/root/logError.html", "HTML", 0, 0, 0, 0, 22, 0, 0, 2, 24
"/home/node11/TinyWebServer/root/picture.html", "HTML", 0, 0, 0, 0, 14, 0, 1, 1, 16
"/home/node11/TinyWebServer/root/register.html", "HTML", 0, 0, 0, 0, 20, 0, 0, 1, 21
"/home/node11/TinyWebServer/root/registerError.html", "HTML", 0, 0, 0, 0, 21, 0, 0, 2, 23
"/home/node11/TinyWebServer/root/video.html", "HTML", 0, 0, 0, 0, 16, 0, 0, 2, 18
"/home/node11/TinyWebServer/root/welcome.html", "HTML", 0, 0, 0, 0, 26, 0, 0, 2, 28
"/home/node11/TinyWebServer/test_presure/README.md", "Markdown", 0, 23, 0, 0, 0, 0, 0, 11, 34
"/home/node11/TinyWebServer/test_presure/webbench-1.5/Makefile", "Makefile", 0, 0, 32, 0, 0, 0, 0, 9, 41
"/home/node11/TinyWebServer/test_presure/webbench-1.5/socket.c", "C", 0, 0, 0, 0, 0, 38, 13, 8, 59
"/home/node11/TinyWebServer/test_presure/webbench-1.5/webbench.c", "C", 0, 0, 0, 0, 0, 370, 53, 30, 453
"/home/node11/TinyWebServer/threadpool/README.md", "Markdown", 0, 6, 0, 0, 0, 0, 0, 9, 15
"/home/node11/TinyWebServer/threadpool/threadpool.h", "C++", 147, 0, 0, 0, 0, 0, 22, 13, 182
"/home/node11/TinyWebServer/timer/README.md", "Markdown", 0, 6, 0, 0, 0, 0, 0, 2, 8
"/home/node11/TinyWebServer/timer/lst_timer.cpp", "C++", 203, 0, 0, 0, 0, 0, 6, 16, 225
"/home/node11/TinyWebServer/timer/lst_timer.h", "C++", 75, 0, 0, 0, 0, 0, 5, 23, 103
"/home/node11/TinyWebServer/webserver.cpp", "C++", 359, 0, 0, 0, 0, 0, 33, 46, 438
"/home/node11/TinyWebServer/webserver.h", "C++", 64, 0, 0, 0, 0, 0, 5, 14, 83
"Total", "-", 2326, 261, 43, 1, 175, 408, 322, 517, 4053